family,title,slug,extractionMode,registryStatus,statusBadge,href,ctaLabel,httpStatus,finalUrl,h1,canonical,robots,schemaTypes,classification,followOnLinkFailures,screenshot
"","CB Radio Channel Guide","cb-radio-channel-guide","legacy-link","","Available — 120 Countries","/tools/cb-radio-channel-guide","Open Tool →","404","https://www.haulcommand.com/tools/cb-radio-channel-guide","","https://www.haulcommand.com","noindex","","FAIL_404|FAIL_H1|FAIL_NO_SCHEMA|FAIL_STATIC_NOT_TOOL","",""
"","Escort Availability Estimator","escort-avail-est","legacy-link","","Available — 120 Countries","/tools/escort-avail-est","Open Tool →","404","https://www.haulcommand.com/tools/escort-avail-est","","https://www.haulcommand.com","noindex","","FAIL_404|FAIL_H1|FAIL_NO_SCHEMA|FAIL_STATIC_NOT_TOOL","",""
"","Escort Availability Estimator","escort-availability-estimator","legacy-link","","Available — 120 Countries","/tools/escort-availability-estimator","Open Tool →","404","https://www.haulcommand.com/tools/escort-availability-estimator","","https://www.haulcommand.com","noindex","","FAIL_404|FAIL_H1|FAIL_NO_SCHEMA|FAIL_STATIC_NOT_TOOL","",""
"","Escort Badge/Permit Requirement Checker","escort-badge-permit-requirement-checker","legacy-link","","Available — 120 Countries","/tools/escort-badge-permit-requirement-checker","Open Tool →","404","https://www.haulcommand.com/tools/escort-badge-permit-requirement-checker","","https://www.haulcommand.com","noindex","","FAIL_404|FAIL_H1|FAIL_NO_SCHEMA|FAIL_STATIC_NOT_TOOL","",""
"","Escort Certification Finder","escort-certification-finder","legacy-link","","Available — 120 Countries","/tools/escort-certification-finder","Open Tool →","404","https://www.haulcommand.com/tools/escort-certification-finder","","https://www.haulcommand.com","noindex","","FAIL_404|FAIL_H1|FAIL_NO_SCHEMA|FAIL_STATIC_NOT_TOOL","",""
"","Escort Count Calculator","escort-count-calculator","legacy-link","","Available — 120 Countries","/tools/escort-count-calculator","Open Tool →","200","https://www.haulcommand.com/tools/escort-count-calculator","Escort Count Calculator Tool","https://www.haulcommand.com/tools/escort-count-calculator","","","FAIL_H1|FAIL_NO_SCHEMA","",""
"","Escort Dispatch Dashboard","escort-dispatch","legacy-link","","Available — 120 Countries","/tools/escort-dispatch","Open Tool →","404","https://www.haulcommand.com/tools/escort-dispatch","","https://www.haulcommand.com","noindex","","FAIL_404|FAIL_H1|FAIL_NO_SCHEMA|FAIL_STATIC_NOT_TOOL","",""
"","Escort Equipment Checklist","escort-equipment-checklist","legacy-link","","Available — 120 Countries","/tools/escort-equipment-checklist","Open Tool →","404","https://www.haulcommand.com/tools/escort-equipment-checklist","","https://www.haulcommand.com","noindex","","FAIL_404|FAIL_H1|FAIL_NO_SCHEMA|FAIL_STATIC_NOT_TOOL","",""
"","Escort Insurance Requirement Checker","escort-insurance-requirement-checker","legacy-link","","Available — 120 Countries","/tools/escort-insurance-requirement-checker","Open Tool →","404","https://www.haulcommand.com/tools/escort-insurance-requirement-checker","","https://www.haulcommand.com","noindex","","FAIL_404|FAIL_H1|FAIL_NO_SCHEMA|FAIL_STATIC_NOT_TOOL","",""
"","Escort Intelligence Suite","escort-intel-suite","legacy-link","","Available — 120 Countries","/tools/escort-intel-suite","Open Tool →","404","https://www.haulcommand.com/tools/escort-intel-suite","","https://www.haulcommand.com","noindex","","FAIL_404|FAIL_H1|FAIL_NO_SCHEMA|FAIL_STATIC_NOT_TOOL","",""
"","Escort Intelligence Suite","escort-suite","legacy-link","","Available — 120 Countries","/tools/escort-suite","Open Tool →","404","https://www.haulcommand.com/tools/escort-suite","","https://www.haulcommand.com","noindex","","FAIL_404|FAIL_H1|FAIL_NO_SCHEMA|FAIL_STATIC_NOT_TOOL","",""
"","Escort Lighting Requirement Checker","escort-lighting-requirement-checker","legacy-link","","Available — 120 Countries","/tools/escort-lighting-requirement-checker","Open Tool →","404","https://www.haulcommand.com/tools/escort-lighting-requirement-checker","","https://www.haulcommand.com","noindex","","FAIL_404|FAIL_H1|FAIL_NO_SCHEMA|FAIL_STATIC_NOT_TOOL","",""
"","Escort Reciprocity Checker","escort-reciprocity-checker","legacy-link","","Available — 120 Countries","/tools/escort-reciprocity-checker","Open Tool →","404","https://www.haulcommand.com/tools/escort-reciprocity-checker","","https://www.haulcommand.com","noindex","","FAIL_404|FAIL_H1|FAIL_NO_SCHEMA|FAIL_STATIC_NOT_TOOL","",""
"","Escort Renewal Timeline Checker","escort-renewal-timeline-checker","legacy-link","","Available — 120 Countries","/tools/escort-renewal-timeline-checker","Open Tool →","404","https://www.haulcommand.com/tools/escort-renewal-timeline-checker","","https://www.haulcommand.com","noindex","","FAIL_404|FAIL_H1|FAIL_NO_SCHEMA|FAIL_STATIC_NOT_TOOL","",""
"","Escort Requirement Checker","escort-calculator","legacy-link","","Available — 120 Countries","/tools/escort-calculator","Open Tool →","200","https://www.haulcommand.com/tools/escort-calculator","Planning Quote Worksheet","https://www.haulcommand.com/tools/escort-calculator","","SoftwareApplication","FAIL_WRONG_INTENT","",""
"","Escort Requirements — Albania","escort-req-al-ol","legacy-link","","Available — 120 Countries","/tools/escort-req-al-ol","Open Tool →","404","https://www.haulcommand.com/tools/escort-req-al-ol","","https://www.haulcommand.com","noindex","","FAIL_404|FAIL_H1|FAIL_NO_SCHEMA|FAIL_STATIC_NOT_TOOL","",""
"","Escort Requirements — Algeria","escort-req-dz-ol","legacy-link","","Available — 120 Countries","/tools/escort-req-dz-ol","Open Tool →","404","https://www.haulcommand.com/tools/escort-req-dz-ol","","https://www.haulcommand.com","noindex","","FAIL_404|FAIL_H1|FAIL_NO_SCHEMA|FAIL_STATIC_NOT_TOOL","",""
"","Escort Requirements — Angola","escort-req-ao-ol","legacy-link","","Available — 120 Countries","/tools/escort-req-ao-ol","Open Tool →","404","https://www.haulcommand.com/tools/escort-req-ao-ol","","https://www.haulcommand.com","noindex","","FAIL_404|FAIL_H1|FAIL_NO_SCHEMA|FAIL_STATIC_NOT_TOOL","",""
"","Escort Requirements — Argentina","escort-req-ar-ol","legacy-link","","Available — 120 Countries","/tools/escort-req-ar-ol","Open Tool →","404","https://www.haulcommand.com/tools/escort-req-ar-ol","","https://www.haulcommand.com","noindex","","FAIL_404|FAIL_H1|FAIL_NO_SCHEMA|FAIL_STATIC_NOT_TOOL","",""
"","Escort Requirements — Australia","escort-req-au-ol","legacy-link","","Available — 120 Countries","/tools/escort-req-au-ol","Open Tool →","404","https://www.haulcommand.com/tools/escort-req-au-ol","","https://www.haulcommand.com","noindex","","FAIL_404|FAIL_H1|FAIL_NO_SCHEMA|FAIL_STATIC_NOT_TOOL","",""
"","Escort Requirements — Austria","escort-req-at-ol","legacy-link","","Available — 120 Countries","/tools/escort-req-at-ol","Open Tool →","404","https://www.haulcommand.com/tools/escort-req-at-ol","","https://www.haulcommand.com","noindex","","FAIL_404|FAIL_H1|FAIL_NO_SCHEMA|FAIL_STATIC_NOT_TOOL","",""
"","Escort Requirements — Azerbaijan","escort-req-az-ol","legacy-link","","Available — 120 Countries","/tools/escort-req-az-ol","Open Tool →","404","https://www.haulcommand.com/tools/escort-req-az-ol","","https://www.haulcommand.com","noindex","","FAIL_404|FAIL_H1|FAIL_NO_SCHEMA|FAIL_STATIC_NOT_TOOL","",""
"","Escort Requirements — Bahrain","escort-req-bh-ol","legacy-link","","Available — 120 Countries","/tools/escort-req-bh-ol","Open Tool →","404","https://www.haulcommand.com/tools/escort-req-bh-ol","","https://www.haulcommand.com","noindex","","FAIL_404|FAIL_H1|FAIL_NO_SCHEMA|FAIL_STATIC_NOT_TOOL","",""
"","Escort Requirements — Bangladesh","escort-req-bd-ol","legacy-link","","Available — 120 Countries","/tools/escort-req-bd-ol","Open Tool →","404","https://www.haulcommand.com/tools/escort-req-bd-ol","","https://www.haulcommand.com","noindex","","FAIL_404|FAIL_H1|FAIL_NO_SCHEMA|FAIL_STATIC_NOT_TOOL","",""
"","Escort Requirements — Belgium","escort-req-be-ol","legacy-link","","Available — 120 Countries","/tools/escort-req-be-ol","Open Tool →","404","https://www.haulcommand.com/tools/escort-req-be-ol","","https://www.haulcommand.com","noindex","","FAIL_404|FAIL_H1|FAIL_NO_SCHEMA|FAIL_STATIC_NOT_TOOL","",""